Name;Vorname;Geburtsjahr;Beruf;Partei_KurzBez;Gewählt_Land;Gewählt_Wahlkreis_Nr;Gewählt_Wahlkreis_Bez;Wiedergewählt
Abercron;Michael;1952;Dipl.-Agraringenieur / Angestellter ö. D. / Unternehmer;CDU;SH;7;Pinneberg;
Achelwilm;Doris Maria;1976;Angestellte;DIE LINKE;HB;;;
Aggelidis;Grigorios;1965;Vermögensverwalter;FDP;NI;;;
Akbulut;Gökay;1982;Sozialwissenschaftlerin;DIE LINKE;BW;;;
Albani;Stephan;1968;MdB / Geschäftsführer;CDU;NI;;;X
Alt;Renata;1965;Chemieingenieurin;FDP;BW;;;
Altenkamp;Norbert Maria;1972;Bürgermeister;CDU;HE;181;Main-Taunus;
Altmaier;Peter;1958;Jurist;CDU;SL;297;Saarlouis;X
Amthor;Philipp;1992;Jurist;CDU;MV;16;Mecklenburgische Seenplatte I – Vorpommern-Greifswald II;
Amtsberg;Luise;1984;MdB / Islamwissenschaftlerin;GRÜNE;SH;;;X
Andreae;Kerstin;1968;Dipl.-Volkswirtin;GRÜNE;BW;;;X
Annen;Niels;1973;Historiker;SPD;HH;20;Hamburg-Eimsbüttel;X
Arndt-Brauer;Ingrid;1961;MdB / Dipl.-Kauffrau / Dipl.-Soziologin;SPD;NW;;;X
Aschenberg-Dugnus;Christine;1959;Rechtsanwältin;FDP;SH;;;
Auernhammer;Artur;1963;MdB / Landwirtschaftsmeister;CSU;BY;241;Ansbach;X
Aumer;Peter;1976;Dipl.-Betriebswirt (FH);CSU;BY;233;Regensburg;
Badum;Lisa Hildegard;1983;Politikwissenschaftlerin;GRÜNE;BY;;;
Baehrens;Heike;1955;MdB / Diakonin;SPD;BW;;;X
Baerbock;Annalena;1980;Völkerrechtlerin;GRÜNE;BB;;;X
Bahr;Ulrike;1964;MdB;SPD;BY;;;X
Bär;Dorothee;1978;MdB;CSU;BY;248;Bad Kissingen;X
Bareiß;Thomas;1975;MdB;CDU;BW;295;Zollernalb – Sigmaringen;X
Barley;Katarina;1968;MdB / Juristin;SPD;RP;;;X
Barnett;Doris;1953;MdB / Juristin;SPD;RP;;;X
Barrientos Krauss;Simone;1963;Verlegerin;DIE LINKE;BY;;;
Barthle;Norbert;1952;MdB / parl. Staatssekretär;CDU;BW;269;Backnang – Schwäbisch Gmünd;X
Bartke;Matthias;1959;Jurist;SPD;HH;19;Hamburg-Altona;X
Bartol;Sören;1974;Dipl.-Politologe;SPD;HE;171;Marburg;X
Bartsch;Dietmar Gerhard;1958;MdB;DIE LINKE;MV;;;X
Bas;Bärbel;1968;MdB;SPD;NW;115;Duisburg I;X
Bauer;Nicole;1987;Dipl.-Wirtschaftsingenieurin (FH);FDP;BY;;;
Baumann;Bernd;1958;Kaufmann;AfD;HH;;;
Bause;Margarete;1959;MdL;GRÜNE;BY;;;
Bayaz;Danyal;1983;Unternehmensberater;GRÜNE;BW;;;
Bayram;Canan;1966;Rechtsanwältin;GRÜNE;BE;83;Berlin-Friedrichshain-Kreuzberg – Prenzlauer Berg Ost;
Beeck;Jens;1969;Rechtsanwalt;FDP;NI;;;
Beek;Olaf;1967;selbst. Unternehmer;FDP;NW;;;
Beer;Nicola Gertrud Ruth;1970;Rechtsanwältin;FDP;HE;;;
Beermann;Maik;1981;MdB / Sparkassenbetriebswirt;CDU;NI;40;Nienburg II – Schaumburg;X
Behrens;Manfred;1956;MdB;CDU;ST;67;Börde – Jerichower Land;X
Bellmann;Veronika;1960;MdB;CDU;SN;161;Mittelsachsen;X
Benning;Sybille;1961;Dipl.-Ing. Landschaftsplanung;CDU;NW;129;Münster;X
Berghegger;André;1972;MdB / Jurist;CDU;NI;38;Osnabrück-Land;X
Bernhard;Marc;1972;Rechtsanwalt / Geschäftsführer;AfD;BW;;;
Bernstein;Melanie;1976;Kulturwissenschaftlerin;CDU;SH;6;Plön – Neumünster;
Bernstiel;Christoph;1984;Kommunikationsberater;CDU;ST;72;Halle;
Beutin;Lorenz Gösta;1978;Historiker;DIE LINKE;SH;;;
Beyer;Peter;1970;MdB / Rechtsanwalt;CDU;NW;105;Mettmann II;X
Biadacz;Marc;1979;ltd. Angestellter in der Digitalbranche;CDU;BW;260;Böblingen;
Bieberstein;Matern;1962;MdB / Verleger;CDU;BW;281;Freiburg;X
Bilger;Steffen;1979;MdB / Rechtsanwalt;CDU;BW;265;Ludwigsburg;X
Binding;Lothar;1950;MdB / Dipl.-Mathematiker;SPD;BW;;;X
Birkwald;Matthias W.;1961;Dipl.-Sozialwissenschaftler;DIE LINKE;NW;;;X
Bleck;Andreas;1988;Student;AfD;RP;;;
Bleser;Peter;1952;MdB / Landwirtschaftsmeister;CDU;RP;200;Mosel/Rhein-Hunsrück;X
Bluhm;Heidrun;1958;MdB;DIE LINKE;MV;;;X
Boehringer;Peter Christian Pascal;1969;Kaufmann / Wirtschaftspublizist;AfD;BY;;;
Brackmann;Norbert;1954;Jurist;CDU;SH;10;Herzogtum Lauenburg – Stormarn-Süd;X
Brand;Michael;1973;MdB;CDU;HE;174;Fulda;X
Brandenburg;Jens;1986;Unternehmensberater;FDP;BW;;;
Brandenburg;Mario;1983;Wirtschaftsinformatiker;FDP;RP;;;
Brandl;Reinhard;1977;MdB / Dipl.-Wirtschaftsingenieur;CSU;BY;216;Ingolstadt;X
Brandner;Stephan;1966;Rechtsanwalt;AfD;TH;;;
Brandt;Michel;1990;Schauspieler;DIE LINKE;BW;;;
Brantner;Franziska;1979;MdB;GRÜNE;BW;;;X
Brauksiepe;Ralf;1967;parl. Staatssekretär;CDU;NW;;;X
Braun;Helge Reinhold;1972;Arzt;CDU;HE;173;Gießen;X
Braun;Jürgen;1961;Kommunikationsberater;AfD;BW;;;
Breher;Silvia;1973;Geschäftsführerin / Rechtsanwältin;CDU;NI;32;Cloppenburg – Vechta;
Brehm;Sebastian;1971;Steuerberater / Dipl.-Kaufmann;CSU;BY;244;Nürnberg-Nord;
Brehmer;Heike;1962;MdB / Dipl.-Betriebswirtin (FH);CDU;ST;68;Harz;X
Breymaier;Leni;1960;Einzelhandelskauffrau;SPD;BW;;;
Brinkhaus;Ralph;1968;MdB / Steuerberater;CDU;NW;131;Gütersloh I;X
Brodesser;Carsten;1967;ltd. Angestellter / Dipl.-Volkswirt;CDU;NW;99;Oberbergischer Kreis;
Brugger;Agnes;1985;MdB;GRÜNE;BW;;;X
Brunner;Karl Heinz;1953;MdB;SPD;BY;;;X
Buchholz;Bernd;1961;Rechtsanwalt;FDP;SH;;;
Buchholz;Christine;1971;Erziehungswissenschaftlerin;DIE LINKE;HE;;;X
Budde;Katrin;1965;MdL / Dipl.-Ing. für Arbeitsgestaltung;SPD;ST;;;
Bühl;Marcus;1977;Dipl.-Informatiker (M. Sc.) (FH);AfD;TH;;;
Bull-Bischoff;Birke;1963;Erziehungswissenschaftlerin / Soziologin;DIE LINKE;ST;;;
Bülow;Marco;1971;freier Journalist / Publizist;SPD;NW;142;Dortmund I;X
Burkert;Martin;1964;MdB / Gewerkschaftssekretär;SPD;BY;;;X
Buschmann;Marco;1977;Rechtsanwalt;FDP;NW;;;
Busen;Karlheinz;1951;Dipl.-Ingenieur;FDP;NW;;;
Büttner;Matthias;1990;Informatiker;AfD;ST;;;
Bystron;Petr;1972;Unternehmer;AfD;BY;;;
Castellucci;Lars;1974;MdB / Hochschulprofessor;SPD;BW;;;X
Cezanne;Jörg;1958;Geschäftsführer;DIE LINKE;HE;;;
Christmann;Anna;1983;wiss. Referentin;GRÜNE;BW;;;
Chrupalla;Tino;1975;selbst. Malermeister;AfD;SN;157;Görlitz;
Connemann;Gitta;1964;MdB / Rechtsanwältin;CDU;NI;25;Unterems;X
Cotar;Joana Eleonora;1973;selbständig;AfD;HE;;;
Cronenberg;Carl-Julius;1962;Unternehmer;FDP;NW;;;
Curio;Gottfried;1960;MdAB;AfD;BE;;;
Dağdelen;Sevim;1975;Journalistin;DIE LINKE;NW;;;X
Daldrup;Bernhard;1956;MdB;SPD;NW;;;X
Damerow;Astrid;1958;geschäftsf. Gesellschafterin Coaching und Beratung;CDU;SH;2;Nordfriesland – Dithmarschen Nord;
Dassler;Britta Katharina;1964;Unternehmerin;FDP;BY;;;
Dehm-Desoi;Jörg-Diether Wilhelm;1950;Liederautor / Medienunternehmer;DIE LINKE;NI;;;X
Deligöz;Ekin;1971;MdB / Dipl.-Verwaltungswissenschaftlerin;GRÜNE;BY;;;X
Diaby;Karamba;1961;MdB / Dipl.-Chemiker;SPD;ST;;;X
Dilcher;Esther;1965;Rechtsanwältin / Notarin;SPD;HE;167;Waldeck;
Dittmar;Sabine;1964;MdB;SPD;BY;;;X
Djir-Sarai;Bijan;1976;hauptamtl. Dezernent;FDP;NW;;;
Dobrindt;Alexander;1970;MdB;CSU;BY;226;Weilheim;X
Domscheit-Berg;Anke;1968;Publizistin;DIE LINKE;BB;;;
Donth;Michael;1967;MdB;CDU;BW;289;Reutlingen;X
Dörner;Katja;1976;MdB;GRÜNE;NW;;;X
Dött;Marie-Luise;1953;Kauffrau im Einzelhandel;CDU;NW;;;X
Droese;Siegbert;1969;Hotelkaufmann;AfD;SN;;;
Dröge;Katharina;1984;Dipl.-Volkswirtin;GRÜNE;NW;;;X
Dürr;Christian;1977;MdL / Dipl.-Ökonom;FDP;NI;;;
Durz;Hansjörg;1971;MdB;CSU;BY;253;Augsburg-Land;X
Ebbing;Hartmut Heinrich Wilhelm;1956;Wirtschaftsprüfer / Steuerberater;FDP;BE;;;
Ebner;Harald;1964;MdB / Dipl.-Agraringenieur;GRÜNE;BW;;;X
Ehrhorn;Thomas;1959;Pilot;AfD;NI;;;
Elsner von Gronow;Gerhard Helmuth Berengar;1978;Vertriebsleiter;AfD;NW;;;
Erndl;Thomas;1974;Dipl.-Ing. Elektrotechnik (FH);CSU;BY;227;Deggendorf;
Ernst;Klaus Friedrich;1954;MdB / Gewerkschaftssekretär;DIE LINKE;BY;;;X
Esdar;Wiebke;1984;wiss. Mitarbeiterin;SPD;NW;132;Bielefeld – Gütersloh II;
Esken;Saskia;1961;MdB / Informatikerin;SPD;BW;;;X
Espendiller;Michael;1989;prom. Mathematiker;AfD;NW;;;
Faber;Marcus;1984;Angestellter;FDP;ST;;;
Fahimi;Yasmin;1967;Staatssekretärin / Dipl.-Chemikerin;SPD;NI;42;Stadt Hannover II;
Färber;Hermann;1963;MdB;CDU;BW;263;Göppingen;X
Fechner;Johannes;1972;MdB;SPD;BW;;;X
Feiler;Uwe Wolfgang Werner;1965;Dipl.-Finanzwirt;CDU;BB;58;Oberhavel – Havelland II;X
Felgentreu;Fritz;1968;MdB / klassischer Philologe / Lehrer;SPD;BE;82;Berlin-Neukölln;X
Felser;Peter;1969;Unternehmer;AfD;BY;;;
Ferlemann;Enak;1963;parl. Staatssekretär;CDU;NI;29;Cuxhaven – Stade II;X
Ferschl;Susanne;1973;Betriebsratsvorsitzende;DIE LINKE;BY;;;
Fischer;Axel;1966;MdB;CDU;BW;272;Karlsruhe-Land;X
Flachsbarth;Maria Franziska;1963;MdB / Tierärztin;CDU;NI;;;X
Föst;Daniel;1976;selbständig;FDP;BY;;;
Franke;Edgar Konrad Hartmut;1960;MdB;SPD;HE;170;Schwalm-Eder;X
Freese;Ulrich Ronald;1951;MdB;SPD;BB;;;X
Frei;Thorsten;1973;MdB;CDU;BW;286;Schwarzwald-Baar;X
Freihold;Brigitte;1955;Lehrerin;DIE LINKE;RP;;;
Freitag;Dagmar;1953;Lehrerin a. D.;SPD;NW;150;Märkischer Kreis II;X
Fricke;Otto;1965;Rechtsanwalt;FDP;NW;;;
Friedhoff;Dietmar;1966;Dipl.-Ingenieur / Vertriebstrainer;AfD;NI;;;
Friedrich;Hans-Peter;1957;MdB;CSU;BY;239;Hof;X
Friesen;Anton;1985;wiss. Mitarbeiter;AfD;TH;;;
Frieser;Michael;1964;MdB / Rechtsanwalt;CSU;BY;245;Nürnberg-Süd;X
Frohnmaier;Markus;1991;Pressesprecher;AfD;BW;;;
Frömming;Götz;1968;Studiendirektor;AfD;BE;;;
Fuchtel;Hans-Joachim;1952;MdB / parl. Staatssekretär;CDU;BW;280;Calw;X
Gabelmann;Sylvia;1958;Apothekerin;DIE LINKE;NW;;;
Gabriel;Sigmar Hartmut;1959;MdB / Bundesminister;SPD;NI;49;Salzgitter – Wolfenbüttel;X
Gädechens;Ingo;1960;Berufssoldat;CDU;SH;9;Ostholstein – Stormarn-Nord;X
Gastel;Matthias;1970;MdB;GRÜNE;BW;;;X
Gauland;Eberhardt Alexander;1941;MdL;AfD;BB;;;
Gebhart;Thomas;1971;MdB;CDU;RP;211;Südpfalz;X
Gehring;Kai Boris;1977;Dipl.-Sozialwissenschaftler;GRÜNE;NW;;;X
Gehrke;Axel;1942;Arzt;AfD;SH;;;
Gelbhaar;Stefan;1976;MdAB / Rechtsanwalt;GRÜNE;BE;;;
Gerdes;Michael;1960;MdB / Elektrohauer;SPD;NW;125;Bottrop – Recklinghausen III;X
Gerig;Alois;1956;MdB / Landwirtschaftsmeister;CDU;BW;276;Odenwald – Tauber;X
Gerster;Martin;1971;MdB;SPD;BW;;;X
Gienger;Eberhard;1951;MdB / Kaufmann;CDU;BW;266;Neckar-Zaber;X
Glaser;Albrecht Heinz Erhard;1942;Stadtkämmerer a. D.;AfD;HE;;;
Glöckner;Angelika;1962;MdB;SPD;RP;;;X
Gminder;Franziska;1945;Dipl.-Kauffrau;AfD;BW;;;
Gnodtke;Eckhard;1958;Sozialdezernent / Volljurist;CDU;ST;66;Altmark;
Gohlke;Nicole Stephanie;1975;MdB / Kommunikationswissenschaftlerin;DIE LINKE;BY;;;X
Göring-Eckardt;Katrin;1966;MdB;GRÜNE;TH;;;X
Gottberg;Wilhelm;1940;Beamter i. R.;AfD;NI;;;
Gottschalk;Kay;1965;Angestellter;AfD;NW;;;
Gremmels;Timon;1976;MdL;SPD;HE;168;Kassel;
Griese;Kerstin;1966;MdB;SPD;NW;;;X
Groden-Kranich;Ursula;1965;MdB / Bankkauffrau;CDU;RP;205;Mainz;X
Gröhe;Hermann;1961;MdB / Bundesminister / Jurist;CDU;NW;108;Neuss I;X
Gröhler;Klaus-Dieter;1966;MdB / Jurist;CDU;BE;80;Berlin-Charlottenburg-Wilmersdorf;X
Groß;Michael Peter;1956;Geschäftsbereichsleiter;SPD;NW;122;Recklinghausen II;X
Grosse-Brömer;Michael;1960;MdB / Rechtsanwalt;CDU;NI;36;Harburg;X
Grotelüschen;Astrid Katharina Josefine;1964;MdB / Dipl.-Ökotrophologin;CDU;NI;28;Delmenhorst – Wesermarsch – Oldenburg-Land;X
Grötsch;Uli;1975;MdB / Polizeibeamter;SPD;BY;;;X
Grübel;Markus;1959;MdB / parl. Staatssekretär;CDU;BW;261;Esslingen;X
Grund;Manfred;1955;Dipl.-Elektroingenieur;CDU;TH;189;Eichsfeld – Nordhausen – Kyffhäuserkreis;X
Grundl;Erhard;1963;Vertriebsmanager;GRÜNE;BY;;;
Grundmann;Oliver Klaus;1971;MdB / Rechtsanwalt;CDU;NI;30;Stade I – Rotenburg II;X
Grütters;Monika;1962;Staatsministerin für Kultur und Medien;CDU;BE;;;X
Güntzler;Fritz;1966;MdB;CDU;NI;;;X
Gutting;Olav;1970;MdB / Rechtsanwalt;CDU;BW;278;Bruchsal – Schwetzingen;X
Gysi;Gregor;1948;Rechtsanwalt;DIE LINKE;BE;84;Berlin-Treptow-Köpenick;X
Haase;Christian;1966;Dipl.-Verwaltungswirt;CDU;NW;136;Höxter – Lippe II;X
Hacker;Thomas;1967;Dipl.-Kaufmann;FDP;BY;;;
Hagedorn;Bettina;1955;MdB / Goldschmiedin;SPD;SH;;;X
Hagl-Kehl;Rita;1970;MdB / Studienrätin;SPD;BY;;;X
Hahn;André;1963;MdB;DIE LINKE;SN;;;X
Hahn;Florian Peter;1974;MdB;CSU;BY;221;München-Land;X
Hajduk;Anja Margarete Helene;1963;Dipl.-Psychologin;GRÜNE;HH;;;X
Hakverdi;Metin;1969;Volljurist;SPD;HH;23;Hamburg-Bergedorf – Harburg;X
Hampel;Armin-Paulus;1957;Journalist;AfD;NI;;;
Hänsel;Heike;1966;MdB;DIE LINKE;BW;;;X
Harbarth;Stephan;1971;MdB / Rechtsanwalt;CDU;BW;277;Rhein-Neckar;X
Harder-Kühnel;Mariana Iris;1974;Rechtsanwältin;AfD;HE;;;
Hardt;Jürgen;1963;MdB / Dipl.-Volkswirt;CDU;NW;103;Solingen – Remscheid – Wuppertal II;X
Hartmann;Sebastian;1977;MdB;SPD;NW;;;X
Hartmann;Verena;1974;Dipl.-Kommunikationswirtin;AfD;SN;;;
Hartwig;Roland;1954;Rechtsanwalt;AfD;NW;;;
Haßelmann;Britta;1961;Dipl.-Sozialarbeiterin;GRÜNE;NW;;;X
Hauer;Matthias;1977;MdB / Rechtsanwalt;CDU;NW;120;Essen III;X
Haug;Jochen;1973;Rechtsanwalt;AfD;NW;;;
Hauptmann;Mark;1984;MdB / Politikwissenschaftler;CDU;TH;196;Suhl – Schmalkalden-Meiningen – Hildburghausen – Sonneberg;X
Hebner;Martin;1959;IT-Unternehmensberater;AfD;BY;;;
Heidenblut;Dirk;1961;Geschäftsführer;SPD;NW;119;Essen II;X
Heider;Matthias;1966;Rechtsanwalt;CDU;NW;149;Olpe – Märkischer Kreis I;X
Heil;Hubertus;1972;MdB / Politikwissenschaftler;SPD;NI;45;Gifhorn – Peine;X
Heil;Mechthild;1961;MdB / Dipl.-Ing. Architektur;CDU;RP;198;Ahrweiler;X
Heilmann;Thomas;1964;Volljurist;CDU;BE;79;Berlin-Steglitz-Zehlendorf;
Heinrich;Frank;1964;Theologe;CDU;SN;162;Chemnitz;X
Heinrich;Gabriela;1963;MdB / Redakteurin;SPD;BY;;;X
Held;Marcus;1977;MdB / Volljurist;SPD;RP;;;X
Helfrich;Mark;1978;MdB / Betriebswirt;CDU;SH;3;Steinburg – Dithmarschen Süd;X
Helling-Plahr;Katrin;1986;Rechtsanwältin;FDP;NW;;;
Hellmich;Wolfgang;1958;MdB;SPD;NW;;;X
Hemmelgarn;Udo Theodor;1959;selbst. Kaufmann;AfD;NW;;;
Hendricks;Barbara;1952;Bundesministerin;SPD;NW;;;X
Henke;Rudolf;1954;MdB / Arzt;CDU;NW;87;Aachen I;X
Hennrich;Michael;1965;MdB;CDU;BW;262;Nürtingen;X
Henrichmann;Marc;1976;Rechtsanwalt;CDU;NW;127;Coesfeld – Steinfurt II;
Herbrand;Markus;1971;Steuerberater;FDP;NW;;;
Herbst;Torsten;1973;Dipl.-Kaufmann (FH);FDP;SN;;;
Herdt;Waldemar;1962;Unternehmer;AfD;NI;;;
Herrmann;Klaus Lars;1977;Polizeibeamter;AfD;SN;;;
Herzog;Gustav;1958;MdB / Chemielaborant;SPD;RP;209;Kaiserslautern;X
Hess;Martin Alexander;1971;Polizeibeamter;AfD;BW;;;
Hessel;Katja;1972;Rechtsanwältin;FDP;BY;;;
Heßenkemper;Heiko;1956;Physiker;AfD;SN;;;
Heveling;Ansgar;1972;MdB / Oberregierungsrat a. D.;CDU;NW;110;Krefeld I – Neuss II;X
Hiller-Ohm;Gabriele;1953;MdB;SPD;SH;;;X
Hilse;Karsten;1964;Beamter;AfD;SN;156;Bautzen I;
Hirte;Christian;1976;Rechtsanwalt / Fachanwalt für Steuerrecht;CDU;TH;190;Eisenach – Wartburgkreis – Unstrut-Hainich-Kreis;X
Hirte;Heribert;1958;Universitätsprofessor;CDU;NW;94;Köln II;X
Hitschler;Thomas;1982;MdB;SPD;RP;;;X
Höchst;Nicole;1970;Regierungsschuldirektorin;AfD;RP;;;
Hocker;Gero Clemens;1975;MdL / Dipl.-Ökonom;FDP;NI;;;
Höferlin;Manuel;1973;selbst. Unternehmer;FDP;RP;;;
Hoffmann;Alexander;1975;MdB / Oberrechtsrat;CSU;BY;249;Main-Spessart;X
Hoffmann;Bettina;1960;Dipl.-Biologin;GRÜNE;HE;;;
Hoffmann;Christoph;1957;Bürgermeister;FDP;BW;;;
Hofreiter;Anton;1970;MdB / Dipl.-Biologe;GRÜNE;BY;;;X
Högl;Eva;1969;MdB / Juristin;SPD;BE;75;Berlin-Mitte;X
Hohmann;Martin;1948;Bürgermeister a. D.;AfD;HE;;;
Höhn;Matthias;1975;MdL;DIE LINKE;ST;;;
Hollnagel;Bruno;1948;Wirtschaftswissenschaftler;AfD;SH;;;
Holm;Leif-Erik;1970;Ökonom (M. Sc.) / Journalist;AfD;MV;;;
Holmeier;Karl;1956;MdB;CSU;BY;234;Schwandorf;X
Holtz;Ottmar;1961;MdL / Dipl.-Ökonom;GRÜNE;NI;;;
Hoppenstedt;Hendrik;1972;MdB / Bürgermeister a. D.;CDU;NI;43;Hannover-Land I;X
Houben;Reinhard;1960;Unternehmer;FDP;NW;;;
Huber;Johannes;1987;Finanzbuchhalter;AfD;BY;;;
Hunko;Andrej;1963;Mediengestalter;DIE LINKE;NW;;;X
Ihnen;Ulla;1956;Staatssekretärin a. D. / Juristin;FDP;NI;;;
Irlstorfer;Erich;1970;MdB;CSU;BY;214;Freising;X
Irmer;Hans-Jürgen;1952;Oberstudienrat;CDU;HE;172;Lahn-Dill;
Jacobi;Fabian;1973;Rechtsanwalt;AfD;NW;;;
Janecek;Dieter;1976;MdB / Dipl.-Politologe;GRÜNE;BY;;;X
Jarzombek;Thomas;1973;MdB / IT-Berater;CDU;NW;106;Düsseldorf I;X
Jelpke;Ursula (Ulla);1951;Journalistin;DIE LINKE;NW;;;X
Jongen;Marc Stephan;1968;akadem. Mitarbeiter;AfD;BW;;;
Jung;Andreas;1975;MdB;CDU;BW;287;Konstanz;X
Jung;Christian;1977;Studiendirektor;FDP;BW;;;
Jung;Ingmar Ludwig;1978;Staatssekretär;CDU;HE;179;Wiesbaden;
Junge;Frank Michael;1967;Dipl.-Sportlehrer;SPD;MV;;;X
Juratovic;Josip;1959;MdB / Kfz.-Mechaniker;SPD;BW;;;X
Jurk;Thomas Edmund;1962;MdB / Funkmechaniker;SPD;SN;;;X
Kaczmarek;Oliver;1970;Oberregierungsrat;SPD;NW;144;Unna I;X
Kahrs;Johannes;1963;Angestellter;SPD;HH;18;Hamburg-Mitte;X
Kaiser;Elisabeth;1987;Pressesprecherin;SPD;TH;;;
Kamann;Uwe;1958;Elektroniker / Kaufmann;AfD;NW;;;
Kappert-Gonther;Kirsten;1966;Ärztin;GRÜNE;HB;;;
Kapschack;Ralf;1954;Journalist;SPD;NW;139;Ennepe-Ruhr-Kreis II;X
Karl;Alois;1950;MdB;CSU;BY;232;Amberg;X
Karliczek;Anja;1971;MdB / Geschäftsführerin Hotellerie;CDU;NW;128;Steinfurt III;X
Kartes;Jens Torbjörn;1979;Rechtsanwalt;CDU;RP;207;Ludwigshafen/Frankenthal;
Kassner;Karin Kerstin;1958;Dipl.-Ökonomin;DIE LINKE;MV;;;X
Katzmarek;Gabriele;1960;MdB;SPD;BW;;;X
Kauder;Volker;1949;MdB / Jurist;CDU;BW;285;Rottweil – Tuttlingen;X
Kaufmann;Stefan;1969;MdB / Rechtsanwalt;CDU;BW;258;Stuttgart I;X
Kekeritz;Uwe;1953;MdB / Dipl.-Volkswirt;GRÜNE;BY;;;X
Kelber;Ulrich;1968;MdB / Dipl.-Informatiker;SPD;NW;96;Bonn;X
Kemmer;Ronja;1989;MdB;CDU;BW;291;Ulm;X
Kemmerich;Thomas L.;1965;Unternehmer;FDP;TH;;;
Kessler;Achim Dieter;1964;Angestellter;DIE LINKE;HE;;;
Kestner;Jens;1971;Bestatter;AfD;NI;;;
Keul;Katja;1969;MdB / Rechtsanwältin;GRÜNE;NI;;;X
Keuter;Stefan;1972;Bankkaufmann;AfD;NW;;;
Kiesewetter;Roderich;1963;MdB;CDU;BW;270;Aalen – Heidenheim;X
Kießling;Michael Hannes;1973;Erster Bürgermeister;CSU;BY;224;Starnberg – Landsberg am Lech;
Kindler;Sven-Christian;1985;MdB / Betriebswirt;GRÜNE;NI;;;X
Kippels;Georg;1959;MdB / Rechtsanwalt;CDU;NW;91;Rhein-Erft-Kreis I;X
Kipping;Katja;1978;MdB / Literaturwissenschaftlerin;DIE LINKE;SN;;;X
Kiziltepe;Cansel;1975;MdB / Dipl.-Volkswirtin;SPD;BE;;;X
Klare;Arno;1952;Lehrer;SPD;NW;118;Mülheim – Essen I;X
Klein;Karsten;1977;Dipl.-Kaufmann;FDP;BY;;;
Klein;Volkmar;1960;MdB / Dipl.-Volkswirt;CDU;NW;148;Siegen-Wittgenstein;X
Klein-Schmeink;Maria;1958;Soziologin;GRÜNE;NW;;;X
Kleinwächter;Norbert;1986;Lehrer;AfD;BB;;;
Klingbeil;Lars;1978;MdB;SPD;NI;35;Rotenburg I – Heidekreis;X
Klinge;Marcel;1980;Geschäftsführer Landtagsfraktion;FDP;BW;;;
Kloke;Katharina;1987;Rechtsreferendarin;FDP;NW;;;
Kluckert;Daniela;1980;Dipl.-Volkswirtin / Ministerialreferentin;FDP;BE;;;
Knoerig;Axel;1967;MdB;CDU;NI;33;Diepholz – Nienburg I;X
Kober;Pascal;1971;Militärseelsorger;FDP;BW;;;
Koeppen;Jens;1962;MdB;CDU;BB;57;Uckermark – Barnim I;X
Kofler;Bärbel;1967;MdB;SPD;BY;;;X
Köhler;Lukas;1986;wiss. Mitarbeiter;FDP;BY;;;
Kolbe;Daniela;1980;MdB / Dipl.-Physikerin;SPD;SN;;;X
Komning;Enrico;1968;Rechtsanwalt;AfD;MV;;;
König;Jörn;1967;Dipl.-Ingenieur (MBA);AfD;NI;;;
Konrad;Carina;1982;Dipl.-Agraringenieurin (FH);FDP;RP;;;
Koob;Markus Benjamin;1977;MdB;CDU;HE;176;Hochtaunus;X
Körber;Carsten;1979;MdB / Betriebswirt;CDU;SN;165;Zwickau;X
Korkmaz;Elvan;1985;Dipl.-Verwaltungswirtin;SPD;NW;;;
Korte;Jan;1977;MdB / Politikwissenschaftler (M. A.);DIE LINKE;ST;;;X
Kotré;Steffen;1971;Referent / Unternehmensberater;AfD;BB;;;
Kotting-Uhl;Sylvia;1952;MdB;GRÜNE;BW;;;X
Kraft;Rainer;1974;Dipl.-Chemiker;AfD;BY;;;
Kramme;Anette;1967;MdB / parl. Staatssekretärin;SPD;BY;;;X
Krauß;Alexander Gerd;1975;MdL / Politikwissenschaftler;CDU;SN;164;Erzgebirgskreis I;
Krellmann;Jutta;1956;Gewerkschaftssekretärin;DIE LINKE;NI;;;X
Krichbaum;Gunther;1964;MdB;CDU;BW;279;Pforzheim;X
Krings;Günter;1969;MdB / Jurist;CDU;NW;109;Mönchengladbach;X
Krischer;Oliver Michael;1969;MdB;GRÜNE;NW;;;X
Kruse;Rüdiger;1961;Geschäftsführer;CDU;HH;;;X
Kubicki;Wolfgang;1952;Rechtsanwalt / Dipl.-Volkswirt;FDP;SH;;;
Kuffer;Michael;1972;Rechtsanwalt;CSU;BY;219;München-Süd;
Kuhle;Konstantin Elias;1989;Rechtsanwalt;FDP;NI;;;
Kühn;Christian;1979;MdB;GRÜNE;BW;;;X
Kühn;Stephan;1979;MdB / Dipl.-Soziologe;GRÜNE;SN;;;X
Kühne;Roy;1967;MdB / Dipl.-Sporttherapeut / Physiotherapeut;CDU;NI;52;Goslar – Northeim – Osterode;X
Kulitz;Alexander;1981;Unternehmer;FDP;BW;;;
Künast;Renate;1955;Rechtsanwältin;GRÜNE;BE;;;X
Kurth;Markus;1966;Dipl.-Politikwissenschaftler;GRÜNE;NW;;;X
Lambrecht;Christine;1965;Rechtsanwältin;SPD;HE;;;X
Lambsdorff;Alexander;1966;Diplomat;FDP;NW;;;
Lamers;Karl;1951;MdB / Rechtsanwalt;CDU;BW;274;Heidelberg;X
Lämmel;Gottfried Andreas;1959;MdB;CDU;SN;159;Dresden I;X
Landgraf;Katharina;1954;MdB;CDU;SN;154;Leipzig-Land;X
Lange;Christian;1964;MdB / parl. Staatssekretär;SPD;BW;;;X
Lange;Ulrich;1969;MdB;CSU;BY;254;Donau-Ries;X
Launert;Silke;1976;MdB;CSU;BY;237;Bayreuth;X
Lauterbach;Karl;1963;MdB;SPD;NW;101;Leverkusen – Köln IV;X
Lay;Caren Nicole;1972;Soziologin;DIE LINKE;SN;;;X
Lazar;Monika;1967;MdB;GRÜNE;SN;;;X
Lechte;Ulrich;1977;Betriebswirt (VWA);FDP;BY;;;
Lehmann;Jens;1967;Erzieher;CDU;SN;152;Leipzig I;
Lehmann;Sven;1979;Politikwissenschaftler / Personalentwickler ö. D.;GRÜNE;NW;;;
Lehrieder;Paul;1959;MdB / Rechtsanwalt;CSU;BY;251;Würzburg;X
Leidig;Sabine;1961;MdB;DIE LINKE;HE;;;X
Leikert;Katja;1975;MdB;CDU;HE;180;Hanau;X
Lemke;Steffi;1968;MdB;GRÜNE;ST;;;X
Lenkert;Ralph;1967;MdB / Werkzeugmacher / Maschinenbautechniker;DIE LINKE;TH;;;X
Lenz;Andreas;1981;MdB;CSU;BY;213;Erding – Ebersberg;X
Leutert;Michael Gerhard;1974;Dipl.-Soziologe;DIE LINKE;SN;;;X
Leyen;Ursula;1958;MdB / Bundesministerin / Ärztin;CDU;NI;;;X
Lezius;Antje;1960;MdB;CDU;RP;201;Kreuznach;X
Liebich;Stefan;1972;MdB / Dipl.-Betriebswirt;DIE LINKE;BE;76;Berlin-Pankow;X
Lindh;Helge;1976;wiss. Mitarbeiter;SPD;NW;102;Wuppertal I;
Lindholz;Andrea;1970;MdB / Rechtsanwältin;CSU;BY;247;Aschaffenburg;X
Lindner;Christian;1979;MdL;FDP;NW;;;
Lindner;Tobias;1982;MdB;GRÜNE;RP;;;X
Link;Michael Georg;1963;Staatsminister a. D.;FDP;BW;;;
Linnemann;Carsten;1977;MdB / Dipl.-Volkswirt;CDU;NW;137;Paderborn – Gütersloh III;X
Lips;Patricia;1963;Handelsfachwirtin;CDU;HE;187;Odenwald;X
Lischka;Burkhard Karl Erich;1965;MdB / Jurist;SPD;ST;;;X
Löbel;Nikolas;1986;Geschäftsführer;CDU;BW;275;Mannheim;
Loos;Bernhard;1955;mittelständ. Unternehmer;CSU;BY;217;München-Nord;
Lötzsch;Gesine;1961;MdB / Philologin;DIE LINKE;BE;86;Berlin-Lichtenberg;X
Lucassen;Hans-Rüdiger;1951;Geschäftsführer;AfD;NW;;;
Luczak;Jan-Marco;1975;Rechtsanwalt;CDU;BE;81;Berlin-Tempelhof-Schöneberg;X
Ludwig;Daniela;1975;MdB;CSU;BY;222;Rosenheim;X
Lühmann;Kirsten;1964;MdB / Polizistin;SPD;NI;;;X
Luksic;Oliver;1979;Unternehmensberater;FDP;SL;;;
Lutze;Thomas;1969;MdB / Maschinenbauer;DIE LINKE;SL;;;X
Maag;Karin;1962;MdB;CDU;BW;259;Stuttgart II;X
Maas;Heiko Josef;1966;Jurist;SPD;SL;;;
Magnitz;Frank Rüdiger Heinrich;1952;Kaufmann;AfD;HB;;;
Magwas;Yvonne;1979;MdB;CDU;SN;166;Vogtlandkreis;X
Maier;Jens;1962;Richter;AfD;SN;;;
Maier;Lothar;1944;Hochschullehrer;AfD;BW;;;
Maizière;Thomas;1954;MdB / Bundesminister;CDU;SN;155;Meißen;X
Malsack-Winkemann;Birgit;1964;Richterin;AfD;BE;;;
Mannes;Astrid;1967;Bürgermeisterin;CDU;HE;186;Darmstadt;
Mansmann;Till Berthold;1968;Dipl.-Physiker;FDP;HE;;;
Marks;Caren;1963;MdB / Dipl.-Geografin;SPD;NI;;;X
Martens;Jürgen Andreas Michael;1959;Rechtsanwalt / Staatsminister a. D.;FDP;SN;;;
Marwitz;Hans-Georg;1961;MdB / Landwirt;CDU;BB;59;Märkisch-Oderland – Barnim II;X
Masi;Fabio Valeriano Lanfranco;1980;MdEP / Dipl.-Volkswirt;DIE LINKE;HH;;;
Mast;Katja;1971;MdB;SPD;BW;;;X
Matschie;Christoph;1961;Theologe;SPD;TH;;;
Mattfeldt;Andreas;1969;MdB / Industriekaufmann;CDU;NI;34;Osterholz – Verden;X
Mattheis;Hildegard;1954;MdB;SPD;BW;;;X
Mayer;Stephan;1973;MdB / Rechtsanwalt;CSU;BY;212;Altötting;X
Meiser;Pascal;1975;Dipl.-Politikwissenschaftler;DIE LINKE;BE;;;
Meister;Michael Günther;1961;Dipl.-Mathematiker;CDU;HE;188;Bergstraße;X
Merkel;Angela Dorothea;1954;MdB;CDU;MV;15;Vorpommern-Rügen – Vorpommern-Greifswald I;X
Metzler;Jan;1981;Winzer / Dipl.-Betriebswirt (FH);CDU;RP;206;Worms;X
Meyer;Christoph;1975;Rechtsanwalt / ltd. Angestellter;FDP;BE;;;
Miazga;Corinna;1983;Angestellte;AfD;BY;;;
Michelbach;Hans Georg;1949;MdB;CSU;BY;238;Coburg;X
Middelberg;Mathias;1964;MdB / Rechtsanwalt;CDU;NI;39;Stadt Osnabrück;X
Miersch;Matthias;1968;MdB / Rechtsanwalt;SPD;NI;47;Hannover-Land II;X
Mieruch;Mario;1975;Dipl.-Ing. Mechatronik (B. A.);AfD;NW;;;
Mihalic;Irene;1976;Polizeibeamtin a. D.;GRÜNE;NW;;;X
Mindrup;Klaus;1964;MdB / Dipl.-Biologe;SPD;BE;;;X
Mittag;Susanne;1958;Polizeibeamtin;SPD;NI;;;X
Mohamed Ali;Amira;1980;Rechtsanwältin;DIE LINKE;NI;;;
Möhring;Cornelia;1960;Dipl.-Sozialökonomin;DIE LINKE;SH;;;X
Mohrs;Falko;1984;Dipl.-Kaufmann (FH) / Speditionskaufmann;SPD;NI;51;Helmstedt – Wolfsburg;
Moll;Claudia;1968;Altenpflegerin;SPD;NW;88;Aachen II;
Möller;Siemtje;1983;Lehrerin (StRin);SPD;NI;26;Friesland – Wilhelmshaven – Wittmund;
Monstadt;Dietrich;1957;MdB / Rechtsanwalt;CDU;MV;12;Schwerin – Ludwigslust-Parchim I – Nordwestmecklenburg I;X
Möring;Karsten;1949;MdB;CDU;NW;93;Köln I;X
Mortler;Marlene;1955;MdB / Hauswirtschaftsmeisterin;CSU;BY;246;Roth;X
Motschmann;Elisabeth Charlotte;1952;MdB / Staatsrätin a. D.;CDU;HB;;;X
Movassat;Niema;1984;Jurist;DIE LINKE;NW;;;X
Mrosek;Andreas;1958;MdL / Dipl.-Ing. für Schiffsführung;AfD;ST;;;
Müller;Alexander;1969;Dipl.-Informatiker;FDP;HE;;;
Müller;Axel;1963;Richter;CDU;BW;294;Ravensburg;
Müller;Bettina;1959;MdB;SPD;HE;;;X
Müller;Carsten;1970;Rechtsanwalt / Bankkaufmann;CDU;NI;;;X
Müller;Claudia;1981;Betriebswirtin;GRÜNE;MV;;;
Müller;Detlef;1964;Lokomotivführer;SPD;SN;;;X
Müller;Gerhard (Gerd);1955;MdB / Bundesminister;CSU;BY;256;Oberallgäu;X
Müller;Hansjörg Gerhard Georg;1968;selbst. Interimmanager;AfD;BY;;;
Müller;Norbert;1986;MdB / Student;DIE LINKE;BB;;;X
Müller;Sepp;1989;Dipl.-Bankbetriebswirt (FS);CDU;ST;70;Dessau – Wittenberg;
Müller;Stefan;1975;parl. Staatssekretär;CSU;BY;242;Erlangen;X
Müller-Böhm;Roman;1992;Student;FDP;NW;;;
Müller-Gemmeke;Beate;1960;MdB;GRÜNE;BW;;;X
Müller-Rosentritt;Frank;1982;ltd. Angestellter / Geschäftsführer;FDP;SN;;;
Müntefering;Michelle;1980;Journalistin;SPD;NW;141;Herne – Bochum II;X
Münz;Volker;1964;Bankkaufmann;AfD;BW;;;
Münzenmaier;Sebastian;1989;Geschäftsführer;AfD;RP;;;
Mützenich;Rolf;1959;Politikwissenschaftler;SPD;NW;95;Köln III;X
Nahles;Andrea;1970;MdB / Literaturwissenschaftlerin (M. A.);SPD;RP;;;X
Nastic;Zaklin;1980;Angehörigenpflegerin;DIE LINKE;HH;;;
Nestle;Ingrid;1977;Dipl.-Wirtschaftsingenieurin;GRÜNE;SH;;;
Neu;Alexander;1969;Politikwissenschaftler;DIE LINKE;NW;;;X
Neumann;Christoph;1964;Dipl.-Ing. Pädagoge;AfD;SN;;;
Neumann;Martin;1956;Hochschullehrer / beratender Ingenieur;FDP;BB;;;
Nick;Andreas;1967;MdB / Dipl.-Kaufmann / M.I.P.P.;CDU;RP;204;Montabaur;X
Nicolaisen;Petra;1965;Industriekauffrau;CDU;SH;1;Flensburg – Schleswig;
Nietan;Dietmar;1964;MdB;SPD;NW;;;X
Nissen;Ulrike;1959;MdB;SPD;HE;;;X
Noll;Michaela;1959;MdB / Rechtsanwältin;CDU;NW;104;Mettmann I;X
Nolte;Jan Ralf;1988;Soldat;AfD;HE;;;
Nord;Thomas Hans;1957;MdB / Kulturwissenschaftler;DIE LINKE;BB;;;X
Notz;Konstantin;1971;MdB / Jurist;GRÜNE;SH;;;X
Nouripour;Omid;1975;selbständig;GRÜNE;HE;;;X
Nüßlein;Georg;1969;MdB / Dipl.-Kaufmann;CSU;BY;255;Neu-Ulm;X
Oehme;Bernhard Ulrich;1960;Versicherungsmakler;AfD;SN;;;
Oellers;Wilfried;1975;Rechtsanwalt;CDU;NW;89;Heinsberg;X
Oppermann;Thomas;1954;MdB / Jurist;SPD;NI;53;Göttingen;X
Ortleb;Josephine Loulou;1986;Fachwirtin im Gastgewerbe;SPD;SL;296;Saarbrücken;
Oßner;Florian;1980;Dipl.-Volkswirt (Univ.);CSU;BY;228;Landshut;X
Ostendorff;Friedrich;1953;Bauer;GRÜNE;NW;;;X
Oster;Josef;1971;Bürgermeister;CDU;RP;199;Koblenz;
Otte;Henning;1968;MdB;CDU;NI;44;Celle – Uelzen;X
Otten;Gerold Joachim;1955;Major a. D. / Oberst d. R.;AfD;BY;;;
Özdemir;Cem;1965;MdB;GRÜNE;BW;;;X
Özdemir;Mahmut;1987;MdB;SPD;NW;116;Duisburg II;X
Özoğuz;Aydan Saliha;1967;MdB / Staatsministerin;SPD;HH;22;Hamburg-Wandsbek;X
Pantel;Sylvia;1961;MdB;CDU;NW;107;Düsseldorf II;X
Pasemann;Frank;1960;selbständig;AfD;ST;;;
Patzelt;Martin Maria Otto Felix;1947;MdB;CDU;BB;63;Frankfurt (Oder) – Oder-Spree;X
Pau;Petra;1963;MdB;DIE LINKE;BE;85;Berlin-Marzahn-Hellersdorf;X
Paus;Elisabeth (Lisa);1968;MdB / Dipl.-Volkswirtin;GRÜNE;BE;;;X
Pellmann;Sören;1977;Grund- und Förderschullehrer;DIE LINKE;SN;153;Leipzig II;
Perli;Victor Angelo;1982;Geschäftsführer / Politikwissenschaftler;DIE LINKE;NI;;;
Peterka;Tobias Matthias;1982;Dipl.-Jurist;AfD;BY;;;
Petry;Christian;1965;Dipl.-Verwaltungswirt;SPD;SL;;;X
Petry;Frauke;1975;MdL;AfD;SN;158;Sächsische Schweiz-Osterzgebirge;
Pfeiffer;Joachim;1967;MdB / Dipl.-Kaufmann;CDU;BW;264;Waiblingen;X
Pflüger;Tobias;1965;wiss. Angestellter;DIE LINKE;BW;;;
Pilger;Detlev;1955;MdB / Lehrer;SPD;RP;;;X
Pilsinger;Stephan;1987;Arzt;CSU;BY;220;München-West/Mitte;
Ploß;Christoph Johannes;1985;Pressereferent;CDU;HH;21;Hamburg-Nord;
Podolay;Paul Viktor;1946;Medizintechniker / Publizist;AfD;BY;;;
Pohl;Jürgen;1964;Rechtsanwalt;AfD;TH;;;
Polat;Filiz;1978;MdL / Dipl.-Volkswirtin;GRÜNE;NI;;;
Pols;Eckhard;1962;MdB / Glasermeister;CDU;NI;37;Lüchow-Dannenberg – Lüneburg;X
Poschmann;Sabine;1968;Betriebswirtin (VWA);SPD;NW;143;Dortmund II;X
Post;Achim;1959;Dipl.-Soziologe;SPD;NW;134;Minden-Lübbecke I;X
Post;Florian;1981;MdB / Dipl.-Kaufmann;SPD;BY;;;X
Pronold;Florian;1972;MdB / parl. Staatssekretär;SPD;BY;;;X
Protschka;Stephan;1977;selbständig;AfD;BY;;;
Raabe;Sascha Markus;1968;MdB;SPD;HE;;;X
Rabanus;Martin Hermann;1971;MdB;SPD;HE;;;X
Rachel;Thomas;1962;MdB / parl. Staatssekretär;CDU;NW;90;Düren;X
Radomski;Kerstin;1974;MdB / Lehrerin;CDU;NW;114;Krefeld II – Wesel II;X
Radwan;Alexander Gamal;1964;MdB;CSU;BY;223;Bad Tölz-Wolfratshausen – Miesbach;X
Rainer;Alois Georg Josef;1965;MdB / Metzgermeister;CSU;BY;231;Straubing;X
Ramsauer;Peter;1954;MdB / Müllermeister / Dipl.-Kaufmann;CSU;BY;225;Traunstein;X
Rehberg;Eckhardt Harald;1954;MdB / Dipl.-Ing. für Informationsverwaltung;CDU;MV;17;Mecklenburgische Seenplatte II – Landkreis Rostock III;X
Reichardt;Martin;1969;Angestellter;AfD;ST;;;
Reimann;Carola;1967;MdB / Biotechnologin;SPD;NI;50;Braunschweig;X
Reinhold;Hagen;1978;Meister im Maurer- und Betonhandwerk;FDP;MV;;;
Remmers;Ingrid;1965;Sozialwissenschaftlerin;DIE LINKE;NW;;;
Renner;Martin Erwin;1954;Dipl.-Betriebswirt;AfD;NW;;;
Renner;Martina;1967;MdB / wiss. Mitarbeiterin;DIE LINKE;TH;;;X
Reusch;Roman Johannes;1954;Beamter / Oberstaatsanwalt;AfD;BB;;;
Reuther;Bernd;1971;Angestellter;FDP;NW;;;
Ridder;Daniela;1962;MdB;SPD;NI;;;X
Riebsamen;Lothar;1957;MdB;CDU;BW;293;Bodensee;X
Rief;Josef;1960;MdB / Landwirtschaftsmeister;CDU;BW;292;Biberach;X
Riexinger;Bernd;1955;Parteivorsitzender;DIE LINKE;BW;;;
Rimkus;Andreas;1962;Elektromeister in der Energiewirtschaft;SPD;NW;;;X
Rix;Sönke;1975;Erzieher;SPD;SH;;;X
Rohde;Dennis;1986;MdB / Rechtsanwalt;SPD;NI;27;Oldenburg – Ammerland;X
Röring;Johannes August;1959;MdB / staatl. geprüfter Landwirt;CDU;NW;126;Borken II;X
Rosemann;Martin;1976;MdB / Dipl.-Volkswirt;SPD;BW;;;X
Röspel;René;1964;MdB / Dipl.-Biologe;SPD;NW;138;Hagen – Ennepe-Ruhr-Kreis I;X
Rossmann;Ernst Dieter;1951;MdB / Dipl.-Psychologe;SPD;SH;;;X
Rößner;Tabea;1966;MdB;GRÜNE;RP;;;X
Roth;Claudia Benedikta;1955;MdB / Dramaturgin;GRÜNE;BY;;;X
Roth;Michael;1970;Staatsminister;SPD;HE;169;Werra-Meißner – Hersfeld-Rotenburg;X
Röttgen;Norbert;1965;Rechtsanwalt;CDU;NW;98;Rhein-Sieg-Kreis II;X
Rottmann;Manuela;1972;Juristin;GRÜNE;BY;;;
Rouenhoff;Stefan;1978;Handelsattaché;CDU;NW;112;Kleve;
Rüddel;Erwin;1955;MdB / Dipl.-Betriebswirt;CDU;RP;197;Neuwied;X
Rüffer;Corinna;1975;Politikerin;GRÜNE;RP;;;X
Ruppert;Stefan;1971;Rechtsanwalt;FDP;HE;;;
Rupprecht;Albert;1968;MdB / Dipl.-Volkswirt;CSU;BY;235;Weiden;X
Rüthrich;Susann;1977;MdB;SPD;SN;;;X
Rützel;Bernd;1968;MdB / techn. Oberamtsrat a. D.;SPD;BY;;;X
Ryglewski;Sarah Janina;1983;MdB / Dipl.-Politikwissenschaftlerin;SPD;HB;54;Bremen I;X
Saathoff;Johann;1967;MdB / Dipl.-Verwaltungswirt (FH);SPD;NI;24;Aurich – Emden;X
Sarrazin;Manuel Ferdinand Theodor;1982;Historiker;GRÜNE;HH;;;X
Sattelberger;Thomas;1949;Vorstand i. R.;FDP;BY;;;
Sauer;Stefan;1966;Bürgermeister;CDU;HE;184;Groß-Gerau;
Sauter;Christian;1980;Dipl.-Wirtschaftsingenieur (FH);FDP;NW;;;
Schäfer;Anita;1951;MdB / Angestellte;CDU;RP;210;Pirmasens;X
Schäfer;Axel;1952;MdB;SPD;NW;140;Bochum I;X
Schäffler;Frank;1968;Dipl.-Betriebswirt;FDP;NW;;;
Schäuble;Wolfgang;1942;MdB / Bundesminister;CDU;BW;284;Offenburg;X
Schauws;Ursula (Ulle);1966;Film- und Fernsehwissenschaftlerin;GRÜNE;NW;;;X
Scheer;Nina;1971;Juristin / Politikwissenschaftlerin / Musikerin;SPD;SH;;;X
Scheuer;Andreas Franz;1974;MdB;CSU;BY;229;Passau;X
Schick;Gerhard;1972;MdB / Volkswirt;GRÜNE;BW;;;X
Schieder;Marianne;1962;MdB / Juristin;SPD;BY;;;X
Schiefner;Udo;1959;MdB;SPD;NW;;;X
Schielke-Ziesing;Ulrike;1969;Verwaltungsangestellte;AfD;MV;;;
Schimke;Jana;1979;Dipl.-Politologin / Politikwissenschaftlerin;CDU;BB;62;Dahme-Spreewald – Teltow-Fläming III – Oberspreewald-Lausitz I;X
Schinnenburg;Wieland Albert Wilhelm;1958;Zahnarzt / Rechtsanwalt;FDP;HH;;;
Schipanski;Tankred;1976;MdB;CDU;TH;192;Gotha – Ilm-Kreis;X
Schlund;Robby;1967;Arzt;AfD;TH;;;
Schmid;Nils;1973;MdL;SPD;BW;;;
Schmidt;Christian;1957;Bundesminister;CSU;BY;243;Fürth;X
Schmidt;Dagmar;1973;Historikerin;SPD;HE;;;X
Schmidt;Frithjof;1953;Sozialwissenschaftler;GRÜNE;NW;;;X
Schmidt;Stefan;1981;wiss. Angestellter;GRÜNE;BY;;;
Schmidt;Ursula (Ulla);1949;Lehrerin für Sonderpädagogik;SPD;NW;;;X
Schmidt;Uwe;1966;Hafenfacharbeiter;SPD;HB;55;Bremen II – Bremerhaven;
Schmidtke;Claudia;1966;Ärztin;CDU;SH;11;Lübeck;
Schneider;Carsten;1976;Bankkaufmann;SPD;TH;;;X
Schneider;Jörg;1964;Lehrer;AfD;NW;;;
Schnieder;Patrick;1968;MdB / Rechtsanwalt;CDU;RP;202;Bitburg;X
Schön;Nadine;1983;MdB;CDU;SL;298;St. Wendel;X
Schraps;Johannes;1983;wiss. Mitarbeiter Bundestag;SPD;NI;46;Hameln-Pyrmont – Holzminden;
Schreiber;Eva-Maria Elisabeth;1958;Ethnologin;DIE LINKE;BY;;;
Schreiner;Felix;1986;MdL;CDU;BW;288;Waldshut;
Schrodi;Michael;1977;Studienrat;SPD;BY;;;
Schüle;Manja;1976;Angestellte;SPD;BB;61;Potsdam – Potsdam-Mittelmark II – Teltow-Fläming II;
Schulte;Ursula;1952;MdB / Hausfrau;SPD;NW;;;X
Schulz;Martin;1955;Buchhändler;SPD;NW;;;
Schulz;Ralph Jimmy;1968;Unternehmer;FDP;BY;;;
Schulz;Swen;1968;MdB;SPD;BE;78;Berlin-Spandau – Charlottenburg Nord;X
Schulz;Uwe;1961;ltd. Angestellter;AfD;HE;;;
Schulz-Asche;Kordula Anna Paula;1956;Kommunikationswissenschaftlerin;GRÜNE;HE;;;X
Schulze;Klaus-Peter Friedrich Walter;1954;MdB / Dipl.-Lehrer;CDU;BB;64;Cottbus – Spree-Neiße;X
Schummer;Uwe;1957;Groß- und Außenhandelskaufmann;CDU;NW;111;Viersen;X
Schurer;Ewald;1954;MdB / Dipl.-Betriebswirt;SPD;BY;;;X
Schuster;Armin;1961;MdB;CDU;BW;282;Lörrach – Müllheim;X
Schwabe;Frank;1970;MdB;SPD;NW;121;Recklinghausen I;X
Schwartze;Stefan;1974;MdB / Industriemechaniker;SPD;NW;133;Herford – Minden-Lübbecke II;X
Schwarz;Andreas;1965;MdB / Dipl.-Betriebswirt (FH);SPD;BY;;;X
Schwarzelühr-Sutter;Rita;1962;MdB / parl. Staatssekretärin;SPD;BW;;;X
Schweiger;Torsten;1968;Dipl.-Ingenieur;CDU;ST;74;Mansfeld;
Seestern-Pauly;Matthias;1984;Gymnasiallehrer;FDP;NI;;;
Seif;Detlef;1962;MdB / Rechtsanwalt;CDU;NW;92;Euskirchen – Rhein-Erft-Kreis II;X
Seitz;Thomas;1967;Rechtsassessor;AfD;BW;;;
Selle;Johannes;1956;Dipl.-Mathematiker;CDU;TH;191;Jena – Sömmerda – Weimarer Land I;X
Sendker;Reinhold;1952;MdB / Studiendirektor a. D.;CDU;NW;130;Warendorf;X
Sensburg;Patrick Ernst Hermann;1971;MdB / Hochschullehrer;CDU;NW;147;Hochsauerlandkreis;X
Sichert;Martin Johannes;1980;Dipl.-Kaufmann;AfD;BY;;;
Silberhorn;Thomas;1968;parl. Staatssekretär;CSU;BY;236;Bamberg;X
Simon;Björn Manuel;1981;Politikwissenschaftler;CDU;HE;185;Offenbach;
Sitta;Frank;1978;Geschäftsführer;FDP;ST;;;
Sitte;Petra;1960;Dipl.-Ökonomin;DIE LINKE;ST;;;X
Skudelny;Judith;1975;Rechtsanwältin;FDP;BW;;;
Solms;Hermann Otto;1940;selbständig;FDP;HE;;;
Sommer;Evrim;1971;wiss. Mitarbeiterin;DIE LINKE;BE;;;
Sorge;Tino;1975;MdB / Rechtsanwalt;CDU;ST;69;Magdeburg;X
Spahn;Jens;1980;MdB / Bankkaufmann;CDU;NW;124;Steinfurt I – Borken I;X
Spangenberg;Detlev;1944;Dipl.-Betriebswirt;AfD;SN;;;
Spaniel;Dirk;1971;Dipl.-Ingenieur;AfD;BW;;;
Spiering;Rainer;1956;MdB;SPD;NI;;;X
Springer;René;1979;Angestellter;AfD;BB;;;
Stadler;Svenja;1976;MdB / Senior-PR-Beraterin;SPD;NI;;;X
Staffler;Katrin;1981;Biochemikerin (M. Sc.);CSU;BY;215;Fürstenfeldbruck;
Stamm-Fibich;Martina;1965;MdB / Marketing- und Kommunikationsmanagerin;SPD;BY;;;X
Stark-Watzinger;Bettina;1968;Dipl.-Volkswirtin;FDP;HE;;;
Steffel;Frank;1966;Dipl.-Kaufmann;CDU;BE;77;Berlin-Reinickendorf;X
Steffen;Sonja Amalie;1963;Rechtsanwältin;SPD;MV;;;X
Stefinger;Wolfgang;1985;MdB / Betriebswirt;CSU;BY;218;München-Ost;X
Stegemann;Albert;1976;MdB / Landwirtschaftsmeister;CDU;NI;31;Mittelems;X
Steier;Andreas;1972;Dipl.-Ingenieur;CDU;RP;203;Trier;
Stein;Jens Mathias;1970;Bautechniker;SPD;SH;5;Kiel;
Stein;Peter;1968;MdB;CDU;MV;14;Rostock – Landkreis Rostock II;X
Steineke;Sebastian;1973;Rechtsanwalt;CDU;BB;56;Prignitz – Ostprignitz-Ruppin – Havelland I;X
Steiniger;Johannes;1987;MdB / Gymnasiallehrer;CDU;RP;208;Neustadt – Speyer;X
Steinke;Kersten;1958;MdB / Agraringenieurin;DIE LINKE;TH;;;X
Stetten;Christian Alexander;1970;MdB / selbst. Kaufmann;CDU;BW;268;Schwäbisch Hall – Hohenlohe;X
Stier;Dieter;1964;MdB / Dipl.-Agraringenieur;CDU;ST;73;Burgenland – Saalekreis;X
Storch;Beatrix;1971;MdEP / Anwältin;AfD;BE;;;
Storjohann;Gero;1958;MdB / Dipl.-Betriebswirt (FH);CDU;SH;8;Segeberg – Stormarn-Mitte;X
Stracke;Stephan;1974;MdB;CSU;BY;257;Ostallgäu;X
Strack-Zimmermann;Marie-Agnes;1958;selbst. Verlagsrepräsentantin;FDP;NW;;;
Straetmanns;Friedrich;1961;Richter;DIE LINKE;NW;;;
Strasser;Benjamin;1987;Rechtsanwalt;FDP;BW;;;
Straubinger;Max;1954;Versicherungskaufmann;CSU;BY;230;Rottal-Inn;X
Strengmann-Kuhn;Wolfgang;1964;Volkswirt;GRÜNE;HE;;;X
Strenz;Karin;1967;MdB;CDU;MV;13;Ludwigslust-Parchim II – Nordwestmecklenburg II – Landkreis Rostock I;X
Stübgen;Michael;1959;MdB / Baufacharbeiter / Pfarrer;CDU;BB;65;Elbe-Elster – Oberspreewald-Lausitz II;X
Stumpp;Margit;1963;Oberstudienrätin;GRÜNE;BW;;;
Suding;Katja Rita;1975;Kommunikationsberaterin;FDP;HH;;;
Tack;Kerstin;1968;MdB / Dipl.-Sozialpädagogin;SPD;NI;41;Stadt Hannover I;X
Tackmann;Kirsten;1960;MdB / Tierärztin;DIE LINKE;BB;;;X
Tatti;Jessica;1981;Sozialarbeiterin (B. A.);DIE LINKE;BW;;;
Tauber;Peter Michael;1974;MdB;CDU;HE;175;Main-Kinzig – Wetterau II – Schotten;X
Tausend;Claudia;1964;MdB / Dipl.-Geografin;SPD;BY;;;X
Tebroke;Hermann-Josef;1964;Landrat;CDU;NW;100;Rheinisch-Bergischer Kreis;
Teuteberg;Linda;1981;Rechtsanwältin / Referentin im BMBF;FDP;BB;;;
Theurer;Michael;1967;MdEP;FDP;BW;;;
Thews;Michael;1964;Dipl.-Chemieingenieur;SPD;NW;145;Hamm – Unna II;X
Thies;Hans-Jürgen;1955;Rechtsanwalt;CDU;NW;146;Soest;
Thomae;Stephan;1968;Rechtsanwalt;FDP;BY;;;
Throm;Alexander;1968;Rechtsanwalt;CDU;BW;267;Heilbronn;
Tiemann;Dietlind;1955;Oberbürgermeisterin;CDU;BB;60;Brandenburg an der Havel – Potsdam-Mittelmark I – Havelland III – Teltow-Fläming I;
Tillmann;Antje;1964;Dipl.-Finanzwirtin;CDU;TH;193;Erfurt – Weimar – Weimarer Land II;X
Todtenhausen;Manfred;1950;Elektromeister;FDP;NW;;;
Toncar;Florian;1979;Rechtsanwalt;FDP;BW;;;
Töns;Markus;1964;Politologe;SPD;NW;123;Gelsenkirchen;
Tressel;Markus Stefan;1977;MdB;GRÜNE;SL;;;X
Trittin;Jürgen;1954;MdB / Bundesminister a. D.;GRÜNE;NI;;;X
Uhl;Markus Alexander;1979;Dipl.-Kaufmann;CDU;SL;299;Homburg;X
Ullmann;Andrew;1963;Universitätsprofessor für Infektiologie;FDP;BY;;;
Ullrich;Gerald;1962;Ingenieur;FDP;TH;;;
Ullrich;Volker Michael;1975;MdB;CSU;BY;252;Augsburg-Stadt;X
Ulrich;Alexander;1971;MdB;DIE LINKE;RP;;;X
Vaatz;Arnold;1955;MdB;CDU;SN;160;Dresden II – Bautzen II;X
Veith;Oswin;1961;MdB;CDU;HE;177;Wetterau I;X
Verlinden;Julia Maria Kornelia;1979;MdB / Dipl.-Umweltwissenschaftlerin;GRÜNE;NI;;;X
Vieregge;Kerstin;1976;Betriebswirtin;CDU;NW;135;Lippe I;
Vogel;Johannes;1982;Politikwissenschaftler;FDP;NW;;;
Vogel;Volkmar;1959;Dipl.-Ingenieur (FH);CDU;TH;194;Gera – Greiz – Altenburger Land;X
Vogler;Kathrin;1963;MdB;DIE LINKE;NW;;;X
Vogt;Ute;1964;MdB / Rechtsanwältin;SPD;BW;;;X
Vöpel;Dirk;1971;selbst. Kaufmann;SPD;NW;117;Oberhausen – Wesel III;X
Vries;Christoph Bernhard;1974;Dipl.-Soziologe / ltd. Angestellter;CDU;HH;;;
Vries;Kees;1955;MdB;CDU;ST;71;Anhalt;X
Wadephul;Johann David;1963;MdB / Rechtsanwalt;CDU;SH;4;Rendsburg-Eckernförde;X
Wagenknecht;Sahra;1969;MdB;DIE LINKE;NW;;;X
Wagner;Andreas;1972;Heilerziehungspfleger;DIE LINKE;BY;;;
Wagner;Daniela;1957;Stadträtin a. D.;GRÜNE;HE;;;
Walter-Rosenheimer;Beate;1964;MdB / Dipl.-Psychologin;GRÜNE;BY;;;X
Wanderwitz;Marco;1975;MdB / Rechtsanwalt;CDU;SN;163;Chemnitzer Umland – Erzgebirgskreis II;X
Weber;Gabi;1955;MdB / Keramikmalerin;SPD;RP;;;X
Weeser;Sandra;1969;Vizepräsidentin SGD Nord;FDP;RP;;;
Wegner;Kai;1972;MdB / Versicherungskaufmann;CDU;BE;;;X
Weidel;Alice;1979;Beraterin von Start-Up-Unternehmen;AfD;BW;;;
Weiler;Albert Helmut;1965;Dipl.-Verwaltungswirt / Betriebswirt;CDU;TH;195;Saalfeld-Rudolstadt – Saale-Holzland-Kreis – Saale-Orla-Kreis;X
Weinberg;Harald;1957;MdB / Soziologe;DIE LINKE;BY;;;X
Weinberg;Marcus;1967;MdB;CDU;HH;;;X
Weisgerber;Anja;1976;MdB / Rechtsanwältin;CSU;BY;250;Schweinfurt;X
Weiß;Peter Siegfried;1956;MdB;CDU;BW;283;Emmendingen – Lahr;X
Weiss;Sabine Katharina;1958;Rechtsanwältin;CDU;NW;113;Wesel I;X
Wellenreuther;Ingo;1959;MdB / Vors. Richter am LG a. D.;CDU;BW;271;Karlsruhe-Stadt;X
Wendt;Marian;1985;MdB;CDU;SN;151;Nordsachsen;X
Werner;Katrin;1973;Kauffrau im Einzelhandel;DIE LINKE;RP;;;X
Westig;Nicole;1967;Fundraiserin;FDP;NW;;;
Westphal;Bernd Helmut;1960;MdB;SPD;NI;48;Hildesheim;X
Weyel;Harald;1959;Professor der Betriebswirtschaft;AfD;NW;;;
Whittaker;Kai;1985;MdB / Wirtschaftswissenschaftler (M. Sc.);CDU;BW;273;Rastatt;X
Widmann-Mauz;Annette;1966;MdB / parl. Staatssekretärin;CDU;BW;290;Tübingen;X
Wiehle;Wolfgang;1964;IT-Berater / Dipl.-Informatiker;AfD;BY;;;
Wiese;Dirk;1983;Jurist;SPD;NW;;;X
Wiesmann;Bettina Margarethe;1966;Unternehmensberaterin;CDU;HE;183;Frankfurt am Main II;
Wildberg;Heiko;1952;Dipl.-Geologe;AfD;RP;;;
Willsch;Klaus-Peter;1961;Dipl.-Volkswirt;CDU;HE;178;Rheingau-Taunus – Limburg;X
Winkelmeier-Becker;Elisabeth;1962;Richterin a. D.;CDU;NW;97;Rhein-Sieg-Kreis I;X
Wirth;Christian Friedrich;1963;Rechtsanwalt;AfD;SL;;;
Witt;Uwe;1959;Dipl.-Personalwirt;AfD;NW;;;
Wittke;Oliver;1966;Dipl.-Geograph;CDU;NW;;;X
Yüksel;Gülistan;1962;MdB;SPD;NW;;;X
Zdebel;Hubertus;1954;Journalist;DIE LINKE;NW;;;X
Zeulner;Emmi;1987;MdB;CSU;BY;240;Kulmbach;X
Ziegler;Dagmar;1960;Dipl.-Finanzökonomin;SPD;BB;;;X
Ziemiak;Paul;1985;Angestellter / Student;CDU;NW;;;
Zierke;Stefan;1970;Werkzeugmacher / Touristikfachwirt;SPD;BB;;;X
Zimmer;Matthias Rainer;1961;Hochschullehrer;CDU;HE;182;Frankfurt am Main I;X
Zimmermann;Jens;1981;MdB;SPD;HE;;;X
Zimmermann;Pia-Beate;1956;Mediengestalterin;DIE LINKE;NI;;;X
Zimmermann;Sabine;1960;MdB;DIE LINKE;SN;;;X